image,score_new_minus_old,old_crack_epe_px,new_crack_epe_px,delta_crack_epe_px_positive_is_better,old_global_epe_px,new_global_epe_px,delta_global_epe_px_positive_is_better,old_warp_crack_dice,new_warp_crack_dice,delta_warp_crack_dice_positive_is_better,old_crack_edge_fidelity,new_crack_edge_fidelity,delta_crack_edge_fidelity_positive_is_better,old_global_edge_fidelity,new_global_edge_fidelity,delta_global_edge_fidelity_positive_is_better,old_folding_rate,new_folding_rate,delta_folding_rate_positive_is_better,old_crack_ratio,new_crack_ratio,joint_failure_score
crack0063_05.png,13.16772165298462,228.1826934814453,218.02565002441406,10.15704345703125,193.4544677734375,188.88421630859375,4.57025146484375,0.11225412786006927,0.1276688128709793,0.015414685010910034,0.0,0.0,0.0,0.0,0.003101050853729248,0.003101050853729248,0.5925528407096863,0.5938177704811096,-0.0012649297714233398,0.16991664469242096,0.16991661489009857,240.12163490056992
crack0030_08.png,2.125374364852905,204.06617736816406,202.46319580078125,1.6029815673828125,128.2080078125,127.78446960449219,0.4235382080078125,0.1550891399383545,0.16291062533855438,0.00782148540019989,0.27881312370300293,0.2684575319290161,-0.010355591773986816,0.13822484016418457,0.16697651147842407,0.028751671314239502,0.5867819786071777,0.5832449197769165,0.0035370588302612305,0.12979012727737427,0.12979014217853546,217.4306173324585
crack0030_02.png,2.954176354408264,197.31112670898438,195.4724884033203,1.8386383056640625,131.22933959960938,129.67489624023438,1.554443359375,0.1211005225777626,0.1253117471933365,0.004211224615573883,0.0,0.0,0.0,0.0,0.0,0.0,0.586243748664856,0.5823221802711487,0.003921568393707275,0.11551937460899353,0.11551937460899353,212.57552614808083
crack0030_05.png,3.687130832672119,198.25955200195312,196.5550994873047,1.7044525146484375,123.20381164550781,121.78396606445312,1.4198455810546875,0.19626949727535248,0.21366538107395172,0.017395883798599243,0.0,0.0,0.0,0.055248796939849854,0.05019325017929077,-0.005055546760559082,0.5841330289840698,0.5835562944412231,0.0005767345428466797,0.12229064106941223,0.12229064106941223,208.99647706747055
crack0030_04.png,1.5165674686431885,193.45751953125,192.48660278320312,0.970916748046875,122.85086059570312,121.49435424804688,1.35650634765625,0.2411576509475708,0.24033452570438385,-0.0008231252431869507,0.0,0.0,0.0,0.08116179704666138,0.08530443906784058,0.004142642021179199,0.5786120891571045,0.5768896341323853,0.0017224550247192383,0.10515876114368439,0.10515876114368439,201.6964731812477
crack0030_01.png,4.275211143493652,187.90853881835938,184.5002899169922,3.4082489013671875,126.69329071044922,125.00151824951172,1.6917724609375,0.1849028766155243,0.18670624494552612,0.001803368330001831,0.0,0.0,0.0,0.0,0.0,0.0,0.5866166949272156,0.5854671001434326,0.001149594783782959,0.12323646992444992,0.12323646992444992,198.57490956783295
crack0030_00.png,3.1892489433288573,186.7419891357422,184.73289489746094,2.00909423828125,117.47451782226562,116.68608093261719,0.7884368896484375,0.17644762992858887,0.1801837980747223,0.003736168146133423,0.27487999200820923,0.2861436605453491,0.011263668537139893,0.267061710357666,0.2950631380081177,0.02800142765045166,0.5800884366035461,0.5772049427032471,0.0028834939002990723,0.12978169322013855,0.12978169322013855,198.35412168502808
crack0030_03.png,1.7685425758361817,185.2361602783203,184.75555419921875,0.4806060791015625,115.86024475097656,115.31112670898438,0.5491180419921875,0.20382094383239746,0.20238915085792542,-0.001431792974472046,0.08055323362350464,0.11046624183654785,0.029913008213043213,0.25607913732528687,0.26131105422973633,0.005231916904449463,0.576205313205719,0.5765475034713745,-0.0003421902656555176,0.1327868402004242,0.132786825299263,195.914408326149
crack0076_04.png,-0.6732409000396729,176.8077392578125,179.74253845214844,-2.9347991943359375,211.94717407226562,210.58944702148438,1.35772705078125,0.14124558866024017,0.16178065538406372,0.020535066723823547,0.0,0.0,0.0,0.0,0.0,0.0,0.5889042615890503,0.5870127081871033,0.0018915534019470215,0.11128204315900803,0.11128204315900803,193.35657399892807
crack0030_06.png,0.8280990123748779,177.6326446533203,177.20933532714844,0.423309326171875,131.835693359375,130.5747833251953,1.2609100341796875,0.1608857810497284,0.16935570538043976,0.008469924330711365,0.02408123016357422,0.0,-0.02408123016357422,0.0,0.0,0.0,0.5945174694061279,0.5898654460906982,0.0046520233154296875,0.12786975502967834,0.12786975502967834,191.5485419034958
crack0030_07.png,2.735189914703369,180.7436065673828,178.30679321289062,2.4368133544921875,115.72062683105469,114.46223449707031,1.258392333984375,0.20163479447364807,0.21153801679611206,0.00990322232246399,0.06803977489471436,0.045615553855895996,-0.02242422103881836,0.2571049928665161,0.2623940706253052,0.0052890777587890625,0.5801230072975159,0.5826297402381897,-0.002506732940673828,0.13400495052337646,0.13400495052337646,190.73230183124542
crack0030_09.png,2.5108170986175535,180.87850952148438,179.14547729492188,1.7330322265625,116.73577117919922,115.64912414550781,1.0866470336914062,0.21103383600711823,0.21560359001159668,0.004569754004478455,0.0,0.0,0.0,0.1383170485496521,0.13411152362823486,-0.004205524921417236,0.5834640264511108,0.5840253829956055,-0.0005613565444946289,0.14239126443862915,0.14239126443862915,190.71097856760025
crack0088_01.png,-1.8821508407592775,171.53414916992188,172.6817169189453,-1.1475677490234375,114.84379577636719,114.7298583984375,0.1139373779296875,0.10959723591804504,0.10728469491004944,-0.0023125410079956055,0.15224212408065796,0.13334554433822632,-0.01889657974243164,0.2616158723831177,0.24911433458328247,-0.012501537799835205,0.5852787494659424,0.5812610387802124,0.0040177106857299805,0.11391052603721619,0.11391052603721619,189.08200132846832
crack0024_08.png,1.3404042720794678,176.4910888671875,177.54400634765625,-1.05291748046875,178.125732421875,170.7959442138672,7.3297882080078125,0.21149984002113342,0.2054440826177597,-0.006055757403373718,0.0,0.0,0.0,0.07701665163040161,0.07988238334655762,0.002865731716156006,0.5937485694885254,0.5951018929481506,-0.0013533234596252441,0.15024936199188232,0.15024936199188232,188.49497836828232
crack0053_05.png,10.5805739402771,168.64895629882812,165.61709594726562,3.0318603515625,152.89219665527344,147.51361083984375,5.3785858154296875,0.1574477255344391,0.17119911313056946,0.013751387596130371,0.17188072204589844,0.26875633001327515,0.09687560796737671,0.04547429084777832,0.09797042608261108,0.052496135234832764,0.5982160568237305,0.5876624584197998,0.010553598403930664,0.13138458132743835,0.13138458132743835,181.61480486392975
crack0016_06.png,-0.6007528305053711,172.9086456298828,173.78770446777344,-0.879058837890625,179.03575134277344,181.2242431640625,-2.1884918212890625,0.2863377630710602,0.2929317057132721,0.006593942642211914,0.4206923842430115,0.4277811050415039,0.007088720798492432,0.43607205152511597,0.44385862350463867,0.007786571979522705,0.5992233753204346,0.5906574130058289,0.008565962314605713,0.17489761114120483,0.17489761114120483,180.1368442773819
crack0077_09.png,3.3783476829528807,167.95458984375,165.6182861328125,2.3363037109375,107.79119873046875,107.29727935791016,0.49391937255859375,0.18331459164619446,0.1762673556804657,-0.00704723596572876,0.16055232286453247,0.18914198875427246,0.02858966588973999,0.34242868423461914,0.36472851037979126,0.02229982614517212,0.5916839838027954,0.5850672721862793,0.006616711616516113,0.09343983978033066,0.09343983978033066,179.87775599956512
crack0071_06.png,7.600205731391907,161.19207763671875,156.00973510742188,5.182342529296875,117.58099365234375,115.34530639648438,2.235687255859375,0.08634748309850693,0.10070759057998657,0.014360107481479645,0.0,0.0,0.0,0.0,0.0,0.0,0.5957516431808472,0.5863821506500244,0.009369492530822754,0.08841351419687271,0.08841351419687271,177.25012311339378
crack0088_04.png,-1.0400657176971435,160.947509765625,161.2488250732422,-0.3013153076171875,116.37893676757812,115.45765686035156,0.9212799072265625,0.13965272903442383,0.13575796782970428,-0.0038947612047195435,0.27839452028274536,0.2540541887283325,-0.024340331554412842,0.3280983567237854,0.30212533473968506,-0.025973021984100342,0.5798577666282654,0.575409471988678,0.004448294639587402,0.10762590169906616,0.10762590914964676,176.14700001478195
crack0058_01.png,-0.01355152130126952,170.22113037109375,170.8897705078125,-0.66864013671875,120.84989166259766,119.81793212890625,1.0319595336914062,0.30279213190078735,0.3029778003692627,0.0001856684684753418,0.0,0.0,0.0,0.20527827739715576,0.22597241401672363,0.02069413661956787,0.5846443772315979,0.5789580941200256,0.005686283111572266,0.08720401674509048,0.08720401674509048,175.7736976146698
